<?xml version="1.0" encoding="UTF-8"?>
<project-private xmlns="http://www.netbeans.org/ns/project-private/1">
    <editor-bookmarks xmlns="http://www.netbeans.org/ns/editor-bookmarks/2" lastBookmarkId="0"/>
    <open-files xmlns="http://www.netbeans.org/ns/projectui-open-files/2">
        <group>
            <file>file:/C:/Users/K00227425/Downloads/Snakes-Ladders-master/Snakes&amp;Ladders/src/snakes/ladders/Players.java</file>
            <file>file:/C:/Users/K00227425/Downloads/Snakes-Ladders-master/Snakes&amp;Ladders/src/snakes/ladders/PlayGame.java</file>
            <file>file:/C:/Users/K00227425/Downloads/Snakes-Ladders-master/Snakes&amp;Ladders/src/snakes/ladders/Grid.java</file>
            <file>file:/C:/Users/K00227425/Downloads/Snakes-Ladders-master/Snakes&amp;Ladders/src/snakes/ladders/Analytics.java</file>
            <file>file:/C:/Users/K00227425/Downloads/Snakes-Ladders-master/Snakes&amp;Ladders/src/snakes/ladders/MainMenu.java</file>
        </group>
    </open-files>
</project-private>
