<?xml version="1.0" encoding="UTF-8"?>
<project-private xmlns="http://www.netbeans.org/ns/project-private/1">
    <editor-bookmarks xmlns="http://www.netbeans.org/ns/editor-bookmarks/2" lastBookmarkId="0"/>
    <open-files xmlns="http://www.netbeans.org/ns/projectui-open-files/2">
        <group>
            <file>file:/C:/Users/eomot/OneDrive/Desktop/GameDesign/Year2/Semester3/Object_Orientend_Theory_and_Programming/Snakes%20and%20Ladders/Shrek&amp;Donkeys/src/shrek/donkeys/ViewRules.java</file>
            <file>file:/C:/Users/eomot/OneDrive/Desktop/GameDesign/Year2/Semester3/Object_Orientend_Theory_and_Programming/Snakes%20and%20Ladders/Shrek&amp;Donkeys/src/shrek/donkeys/Player.java</file>
            <file>file:/C:/Users/eomot/OneDrive/Desktop/GameDesign/Year2/Semester3/Object_Orientend_Theory_and_Programming/Snakes%20and%20Ladders/Shrek&amp;Donkeys/src/shrek/donkeys/RulesforShrekandDonkey.txt</file>
            <file>file:/C:/Users/eomot/OneDrive/Desktop/GameDesign/Year2/Semester3/Object_Orientend_Theory_and_Programming/Snakes%20and%20Ladders/Shrek&amp;Donkeys/src/shrek/donkeys/Analytics.java</file>
            <file>file:/C:/Users/eomot/OneDrive/Desktop/GameDesign/Year2/Semester3/Object_Orientend_Theory_and_Programming/Snakes%20and%20Ladders/Shrek&amp;Donkeys/src/shrek/donkeys/Grid.java</file>
            <file>file:/C:/Users/eomot/OneDrive/Desktop/GameDesign/Year2/Semester3/Object_Orientend_Theory_and_Programming/Snakes%20and%20Ladders/Shrek&amp;Donkeys/src/shrek/donkeys/PlayGame.java</file>
            <file>file:/C:/Users/eomot/OneDrive/Desktop/GameDesign/Year2/Semester3/Object_Orientend_Theory_and_Programming/Snakes%20and%20Ladders/Shrek&amp;Donkeys/src/shrek/donkeys/MainMenu.java</file>
            <file>file:/C:/Users/eomot/OneDrive/Desktop/GameDesign/Year2/Semester3/Object_Orientend_Theory_and_Programming/Snakes%20and%20Ladders/Shrek&amp;Donkeys/src/shrek/donkeys/Players.java</file>
        </group>
    </open-files>
</project-private>
